{
  "Healthy": {
    "rgb": [
      102,
      132,
      42
    ],
    "hsv": [
      40.36946227649698,
      174.77920766649774,
      132.41266898219104
    ],
    "label": ""
  },
  "Nitrogen Deficiency": {
    "rgb": [
      137,
      158,
      70
    ],
    "hsv": [
      37.73162145117625,
      142.20975168833138,
      158.31545233867314
    ],
    "label": ""
  },
  "Phosphorus Deficiency": {
    "rgb": [
      113,
      139,
      78
    ],
    "hsv": [
      43.161293728221416,
      111.50591455981203,
      139.14678043235625
    ],
    "label": ""
  },
  "Potassium Deficiency": {
    "rgb": [
      141,
      152,
      70
    ],
    "hsv": [
      34.22066628279599,
      138.73147580940662,
      152.03047385286078
    ],
    "label": ""
  },
  "Brown Spot": {
    "rgb": [
      127,
      149,
      54
    ],
    "hsv": [
      37.80053177468355,
      162.7806434893569,
      149.6411578711677
    ],
    "label": ""
  },
  "Rice Blast": {
    "rgb": [
      105,
      152,
      70
    ],
    "hsv": [
      47.859609579507925,
      138.91843804030717,
      152.77907247850027
    ],
    "label": ""
  },
  "Bacterial Leaf Blight": {
    "rgb": [
      117,
      141,
      60
    ],
    "hsv": [
      39.55029359464622,
      146.2507476375982,
      141.12972618255878
    ],
    "label": ""
  },
  "Rice Leaf Diseases": {
    "rgb": [
      102,
      136,
      50
    ],
    "hsv": [
      42.83839705850795,
      161.16624869866874,
      136.95287886283728
    ],
    "label": ""
  }
}